o,Content scope,Content scope details,Use cases,Use cases details,Provisions,Provisions details,Technologies,Technologies details,Technology requirements,Technology requirements details,Remedies and penalties,Remedies details,
A 3050 (California),Qualified (qualitative) usage of AI,"Artificial intelligence: ""a machine or software that has the capacity to mimic human cognitive functions, including, but not limited to, learning, problem solving, and patter recognition, which enables the machine or software to perform tasks that normally require human intelligence. AI includes various subfields, including, but not limited to, machine learning, natural language processing, and large language models.""

AI-generated materials: ""content that is produced by AI technology, including, but not limited to, text, images, audio, or synthetic data.""

AI-generating entity: ""an entity, including a business, that generates, creates, or otherwise produces AI-generated materials.""

Covered content: ""AI-generated material that does any of the following:

(A) Impersonates a specific individual or group of individuals.

(B) Is represented as original material by an AI-generating entity that produced the material, including, but not limited to, artwork, songs, or news media.

(C) Meets criteria as established by the Department of Technology.""",General,General.,"Model providers must add disclosures, Standards must be developed","Development of standards: ""'The department shall issue regulations to establish standards for the watermarks required under subdivision (b). The department's standards shall require, at minimum, an AI-generating entity to include digital content provenance in the watermarks.""

Unclear definition of AI-generating entity (model provider or model users?)",Underspecified,"""Watermark"" (not defined)",Qualitative requirements,"As specified later by standards. At minimum, such watermarks must include digital content provencance (as defined in Section 11547.5, i.e., ""the verifiable chronology of the original piece of digital content, such as an image, video, audio recording, or electronic document."")",Monetary penalties,"""Civil penalty assessed by the department [...] The amount of the civil penalty, as determined by the department, shall be not less than two hundred fifty dollars ($250) or more than five hundred dollars ($500).""",
HR 3831,Not defined,Covered content: any output generated by artificial intelligence. Note: no terms defined.,General,General.,Model providers must add disclosures,,Underspecified,No technologies defined.,Specific requirements,"Should contain ""Disclaimer: this output has been generated by artificial intelligence.”",Violation of established act,"Violation ""shall be treated as a violation of a regulation under section 18(a)(1)(B) of the Federal Trade Commission Act (15 U.S.C. 57a(a)(1)(B)) regarding unfair or deceptive acts or practices.""",
AB 3211 (California),Qualified (quantitative) usage of AI,"Artificial intelligence: ""an engineered or machine-based system that varies in its level of autonomy and that can, for explicit or implicit objectives, infer from the input it receives how to generate outputs that can influence physical or virtual environments.""

GenAI system: ""an artificial intelligence system that can generate derived synthetic content, including images, videos, and audio, and that emulates the structure and characteristics of the system’s training data.""

Synthetic content: "" images, videos, and audio, that has been produced or significantly modified by a generative AI system.""

Covered content: ""synthetic content produced or significantly modified by a generative AI system"".",General,General,Model providers must add disclosures,,Underspecified,"""Provenance data"", which ""may be communicated using digital fingerprinting to associate metadata with digital content, attaching metadata to digital content, including through the use of a digital signature, or embedding of watermarks in digital content.""",Qualitative requirements,"Provenance data ""(A), shall, at minimum, be difficult to remove or disassociate, identify the digital content as synthetic, and communicate the following provenance data in order of priority, with clause (i) being the most important, and clause (iv) being the least important:
(i) The synthetic nature of the content.
(ii) The name of the generative AI provider.
(iii) If feasible for the provenance technique used, the time and date the provenance data was applied.
(iv) If applicable and feasible for the provenance technique used, the specific portions of the content that are synthetic.""

Provider should also provide a detection tool that satisfies a number of criteria.",,,
S 942 (California),Unqualified usage of AI,"""created or altered""",General,,Model providers must add disclosures,,,"""Latent disclosure"", ""manifest disclosure""","Qualitative requirements, Specific requirements","Manifest disclosure: ""(1) The disclosure identifies content as AI-generated content.

(2) The disclosure is clear, conspicuous, appropriate for the medium of the content, and understandable to a reasonable person.

(3) The disclosure is permanent or extraordinarily difficult to remove, to the extent it is technically feasible.""

Latent disclosure: ""(1) To the extent that it is technically feasible and reasonable, the disclosure conveys all of the following information, either directly or through a link to a permanent internet website:

(A) The name of the covered provider.

(B) The name and version number of the GenAI system that created or altered the content.

(C) The time and date of the content's creation or alteration.

(D) A unique identifier.

(2) The disclosure is detectable by the covered provider's AI detection tool.

(3) The disclosure is consistent with widely accepted industry standards.

(4) The disclosure is permanent or extraordinarily difficult to remove, to the extent it is technically feasible.""",,,
EU AI Act,Qualified (quantitative) usage of AI,"""it is appropriate to envisage that this marking obligation should not cover AI systems performing primarily an assistive function for standard editing or AI systems not substantially altering the input data provided by the deployer or the semantics thereof.""",General,,Model providers must add disclosures,,,"""Watermarks, metadata identifications, cryptographic methods for proving provenance and authenticity of content, logging methods, fingerprints or other techniques"", ""providers should also take into account the specificities and the limitations of the different types of content and the relevant technological and market developments in the field, as reflected in the generally acknowledged state of the art. Such techniques and methods can be implemented at the level of the AI system or at the level of the AI model, including general-purpose AI models generating content, thereby facilitating fulfilment of this obligation by the downstream provider of the AI system. To remain proportionate, it is appropriate to envisage that this marking obligation should not cover AI systems performing primarily an assistive function for standard editing or AI systems not substantially altering the input data provided by the deployer or the semantics thereof.""",Qualitative requirements,"""Machine readable format and detection that the output has been generated or manipulated by an AI system and not a human"", ""should be sufficiently reliable, interoperable, effective and robust as far as this is technically feasible, taking into account available techniques or a combination of such techniques""",,,
H 710 (Vermont),Unqualified usage of AI,"Artificial intelligence: ""any technology, including machine learning, that uses data to train an algorithm or predictive model for the purpose of enabling a computer system or service to autonomously perform any task, including visual perception, language processing, and speech recognition, that is normally associated with human intelligence or perception.""

Covered content: ""any digital content, including any audio, image, text, or video, that is produced by a generative artificial intelligence system.""",General,General.,Model providers must add disclosures,,,"""Watermark or other mechanism""",Qualitative requirements,"Watermark must be: ""(A) is embedded in, and reasonably difficult to remove from, any digital content; and

(B) enables a consumer who accesses the digital content to verify the authenticity of the digital content and to determine whether the digital content is synthetic digital content.""",,,
S 2 (Connecticut),Qualified (quantitative) usage of AI,"Artificial intelligence: ""any machine-based system that, for any explicit or implicit objective, infers from the inputs such system receives how to generate outputs, including, but not limited to, content, decisions, predictions or recommendations, that can influence physical or virtual environments;""

Provisions do not apply if ""(1) Performs an assistive function for standard editing;

(2) Does not substantially alter the input data provided by the deployer or the semantics thereof""","General, Exceptions","Exceptions: used to detect, prevent, investigate or prosecute any crime where authorized by law",Model providers must add disclosures,,,"""Marked in a machine-readable format and detectable as synthetic digital content""",Qualitative requirements,"""in a manner that (i) is clear to consumers, and (ii) respects any applicable accessibility requirements; and

(2) As far as technically feasible and as reflected in any relevant technical standards, ensure that such developer's technical solutions are effective, interoperable, robust and reliable, taking into account (A) the specificities and limitations of different types of synthetic digital content, (B) the implementation costs, and (C) the generally acknowledged state of the art.""

""(b) If the synthetic digital content described in subsection (a) of this section is in an audio, image or video format, and such synthetic digital content forms part of an evidently artistic, creative, satirical, fictional analogous work or program, the disclosure required under said subsection shall be limited to a disclosure that does not hamper the display or enjoyment of such work or program.

(c) If the synthetic digital content described in subsection (a) of this section is in the form of text published to inform the public on any matter of public interest, no disclosure shall be required under said subsection if:

(1) Such synthetic digital content has undergone a process of human review or editorial control; and

(2) A person holds editorial responsibility for the publication of such synthetic digital content.""",,,
H 3453 (Oklahoma),Qualified (qualitative) usage of AI,"Artificial intelligence: ""a. a system that:

(1) performs tasks under varying and unpredictable circumstances without significant human oversight or can learn from experience and improve such performance when exposed to data sets,

(2) is developed in any context, including, but not limited to, software or physical hardware, and solves tasks requiring human-like perception, cognition, planning, learning, communication, or physical action, or

(3) is designed to:

(a) think or act like a human, including, but not limited to, a cognitive architecture or neural network, or

(b) act rationally, including, but not limited to, an intelligent software agent or embodied robot that achieves goals using perception, planning, reasoning, learning, communication, decision-making or action, or

b. a set of techniques including, but not limited to, machine learning, that is designed to approximate a cognitive task""

""would lead a reasonable person to believe that such content is real and authentic""",General,General.,"Model providers must add disclosures, Disclosures must not be removed",,Underspecified,"""Watermark"" (not defined) or some other form of ""content credential"" (not defined)",Qualitative requirements,"If watermarks/content credentials are removed by ""any websites, social media platforms, search engines, and the like"", they must insert an updated one ""that indicates that the original was removed or altered""",,,
H 5321 (Illinois),Qualified (qualitative) usage of AI,"Generative artificial intelligence system: ""any system that uses artificial intelligence to generate or substantially modify image, video, audio, multimedia, or text content.""

AI-generated content: ""image, video, audio, multimedia, or text content that is substantially created or modified by a generative artificial intelligence system such that the use of the system materially alters the meaning or significance that a reasonable person would take away from the content.""

Covered content: ""image, video, audio, or multimedia AI-generated content"".

",General,General.,"Model providers must add disclosures, Disclosures must not be removed",Removal of watermarks: Requires that model providers contractually enforce that watermarks are not removed,Underspecified,"""Clear and conspicuous disclosure"" and metadata tagging","Qualitative requirements, Specific requirements","""(1) The disclosure shall include a clear and conspicuous notice, as appropriate for the medium of the content, that identifies the content as AI-generated content;

(2) the output's metadata information shall include an identification of the content as being AI-generated content, the identity of the tool used to create the content, and the date and time the content was created; and

(3) the disclosure shall, to the extent technically feasible, be permanent or unable to be easily removed by subsequent users.""",Violation of established act,"""A violation of this Section constitutes an unlawful practice within the meaning of [Consumer Fraud and Deceptive Business Practices Act].""",
S 217 (Ohio),Unqualified usage of AI,"Artificial intelligence: ""a machine-based system that, for a given set of human-defined objectives, uses machine-and human-based inputs to make predictions, recommendations, or decisions influencing real or virtual environments. ""Artificial intelligence"" and ""AI"" include only machine-based systems that are capable of all of the following:

(1) Perceiving real and virtual environments;

(2) Abstracting such perceptions into models through analysis in an automated manner;

(3) Using model inference to formulate options for information or action.""

Covered content: ""any AI-generated product""",General,General.,"Model providers must add disclosures, Disclosures must not be removed","Removal of watermarks: ""No person shall remove a watermark required by this section with the purpose of concealing that the product was generated using artificial intelligence.""",Underspecified,"""Watermark"" (not defined)",Qualitative requirements,"""Informs the user that the particular product was generated using an AI system.""",Monetary penalties,"""(D) Any person aggrieved by a violation of division[s] [...] of this section has and may commence a civil action against the violator for damages that result from the violation. In a civil action under this division, any person found to have removed a watermark required by this section shall be rebuttably presumed to have caused the harm alleged in the complaint.

(E) In addition to the civil action authorized under division (D) of this section, the attorney general may commence a civil action against a person that violates division[s] [...] of this section for injunctive relief and, in the case of a person that violates [removal of watermarks], a civil penalty of up to ten thousand dollars.""",
AI Labeling Act of 2023,Qualified (qualitative) usage of AI,"Aritifical intelligence (from section 238(g) of the John S. McCain National Defense Authorization Act for Fiscal Year 2019): 

Generative artificial intelligence system: any system that uses artificial intelligence to generate or substantially modify image, video, audio, multimedia, or text content.

Covered content: image, video, audio, multimedia, or text content that is substantially created or modified by a generative artificial intelligence system such that the use of the system materially alters the meaning or significance that a reasonable person would take away from the content.",General,General,"Model providers must add disclosures, Disclosures must not be removed",Requires that model providers contractually enforce that watermarks are not removed.,Underspecified,"""Clear and conspicuous disclosure""","Qualitative requirements, Specific requirements","""(A) For any content that is solely visual or solely audible, the disclosure shall be made through the same means through which the content is presented.

(B) For any content that is both visual and audible, the disclosure shall be visual and audible.

(C) A visual disclosure, by its size, contrast, location, the length of time it appears, and other characteristics, shall stand out from any accompanying text or other visual elements so that the disclosure is easily noticed, read, and understood.

(D) An audible disclosure shall be delivered in a volume, speed, and cadence sufficient for a reasonable person to easily hear and understand the disclosure.

(E) The disclosure shall not be avoidable.

(F) The disclosure shall use diction and syntax understandable to a reasonable person.

(G) The disclosure shall not be contradicted or mitigated by, or inconsistent with, anything else in the communication.""

""To the extent technically feasible, be permanent or unable to be easily removed by subsequent users.""",Other,"Shall be treated as ""a violation of a rule defining an unfair or deceptive act or practice under section 18(a)(1)(B) of the Federal Trade Commission Act"".",
Advisory for AI-Generated Content Act,Qualified (qualitative) usage of AI,"AI-generated material: ""means artificial intelligence technology that can produce various types of content, including text, images, audio, or synthetic data.""

Covered content: ""AI-generated material that---(A) impersonates a specific individual or group of individuals;

(B) is represented as original material by the AI-generating entity that produced the material, including with respect to artwork, songs, or news media; or

(C) meets such criteria as the Commission may establish.""",General,,"Model providers must add disclosures, Standards must be developed","Development of standards: ""Not later than 180 days after the date of enactment of this section, the Commission, in consultation with the Federal Communications Commission, the Attorney General, and the Secretary of Homeland Security, shall issue regulations to establish standards for the watermarks required"".

Unclear definition of AI-generating entity (model provider or model users?).",Underspecified,"""Watermark""",Qualitative requirements,As specified later by standards.,Violation of established act,"""Any person who violates this section or a regulation promulgated thereunder shall be subject to the penalties and entitled to the privileges and immunities provided in the Federal Trade Commission Act (15 U.S.C. 41 et seq.).""",
Content Origin Protection and Integrity from Edited and Deepfaked Media Act of 2024,Qualified (quantitative) usage of AI,"Artificial intelligence (from section 5002 of the National Artificial Intelligence Initiative Act of 2020): ""a machine-based system that can, for a given set of human-defined objectives, make predictions, recommendations or decisions influencing real or virtual environments. Artificial intelligence systems use machine and human-based inputs to-

(A) perceive real and virtual environments;

(B) abstract such perceptions into models through analysis in an automated manner; and

(C) use model inference to formulate options for information or action.""

Synthetic content: ""information, including works of human authorship such as images, videos, audio clips, and text, that has been wholly generated by algorithms, including by artificial intelligence.""

Synthetically-modified content: ""information, including works of human authorship such as images, videos, audio clips, and text, that has been significantly modified by algorithms, including by artificial intelligence."" Note: significantly modified not defined.

Covered content: synthetic and synthetically-modified content.",General,General.,"Model providers must add disclosures, Standards must be developed, Disclosures must not be removed","Model providers must add watermarks: provide ability to include watermarks.

Development of standards: ""The Under Secretary shall establish a public-private partnership to facilitate the development of standards regarding content provenance information technologies and the detection of synthetic content and synthetically-modified content, including with respect to the following:

(1) Facilitating the development of guidelines and voluntary, consensus-based standards and best practices for watermarking, content provenance information, synthetic content and synthetically-modified content detection, including for images, audio, video, text, and multimodal content, the use of data to train artificial intelligence systems, and such other matters relating to transparency of synthetic media as the Under Secretary considers appropriate.

(2) Facilitating the development of guidelines, metrics, and practices to evaluate and assess tools to detect and label synthetic content, synthetically-modified content, and non-synthetic content, including artificial intelligence red-teaming and artificial intelligence blue-teaming.

(3) Establishing grand challenges and prizes in coordination with the Defense Advanced Research Projects Agency and the National Science Foundation to detect and label synthetic content, synthetically-modified content, and non-synthetic content and to develop cybersecurity and other countermeasures to defend against tampering with detection tools, watermarks, or content provenance information.""",Underspecified,"Add watermarks: ""content provenance information"", defined as ""state-of-the-art, machine-readable information documenting the origin and history of a piece of digital content, such as an image, a video, audio, or text"".",Qualitative requirements,"Add watermarks: subject to the requirements specified later by standards, be "" machine-readable"", and  ""not easily removed, altered, or separated from the underlying content"".",Violation of established act,"Violation ""shall be treated as a violation of a rule defining an unfair or deceptive act or practice prescribed under section 18(a)(1)(B) of the Federal Trade Commission Act (15 U.S.C. 57a(a)(1)(B)).""",
Protecting Consumers from Deceptive AI Act,Qualified (quantitative) usage of AI,"""created or substantially modified""",,,"Model providers must add disclosures, Standards must be developed, Disclosures must not be removed",Disclosures must not be removed: only for ``covered online platforms'',Underspecified,"""Disclosure"" that is ""machine-readable""",Qualitative requirements,"""(B) establish and implement reasonable measures to prevent a disclosure described in subparagraph (A) from being removed or otherwise tampered with;""",,,
2660 (Pennsylvania),Unqualified usage of AI,"Artificial intelligence: ""Technology or tools that use
predictive algorithms to create new content, including audio,
code, images, text, simulations, videos and the likeness of
another individual.""

Covered content: ""image, text, simulation or video [created] using artificial intelligence""","General, Exceptions",General. Exceptions: film or television shows satisfying some defined conditions.,Models users must add disclosures,,Underspecified,"Watermark: ""A mark placed on an artificial intelligence
generated image, simulation or video.""",Specific requirements,"Covers 30% of the content, minimum 50% opacity, and containing the statement ""artificial intelligence generated material"".",Monetary penalties,"$1000 for first offense, and $10000 if repeated offense within five years.",
H 1267 (Mississippi),Unqualified usage of AI,"Covered content: ""generated in whole or in part by synthetic media using artificial intelligence algorithms""",Specific,"Use case: political communications (campaign materials), and newspapers covering publishing about political candidates",Models users must add disclosures,,Underspecified,"""Clear and prominent disclaimer""",No requirements,No requirements,Monetary penalties,"For newspapers, damages are ""the injury suffered or a penalty of Five Hundred Dollars ($500.00), whichever is the larger amount"".",
S 6859 (New York),Qualified (qualitative) usage of AI,"Artificial intelligence: ""the use of machine learning technology, software, automation, and algorithms to perform tasks, to make rules and/or predictions based on existing data sets and instructions, including, but not limited to:

(i) Any artificial system that performs tasks under varying and unpredictable circumstances without significant human oversight, or that can learn from experience and improve performance when exposed to data sets;

(ii) An artificial system developed in computer software, physical hardware, or other context that solves tasks requiring human-like perception, cognition, planning, learning, communication, or physical action;

(iii) An artificial system designed to think or act like a human, including cognitive architectures and neural networks;

(iv) A set of techniques, including machine learning, that is designed to approximate a cognitive task; and/or

(v) An artificial system designed to act rationally, including an intelligent software agent or embodied robot that achieves goals using perception, planning, reasoning, learning, communicating, decision making, and acting.""

Covered content: ""digitally created asset created, reproduced, or modified by computer, using generative artificial intelligence or a software algorithm, that is intended to create the impression that the asset is a natural performer who is not recognizable as any identifiable natural performer"". Note that ""intended to create"" is not defined.",Specific,Use case: business advertising.,Models users must add disclosures,,Underspecified,"Broad mention of ""disclosure""",No requirements,No requirements,Monetary penalties,"Fines of ""one thousand dollars for a first violation, and five thousand dollars for any subsequent violation""",
S 9640 (New York),Unqualified usage of AI,"Generative artificial intelligence: ""the use of machine learning technology, software, automation, and algorithms to perform tasks, to make rules and/or predictions based on existing data sets and instructions, including, but not limited to:

1. any artificial system that performs tasks under varying and unpredictable circumstances without significant human oversight, or that can learn from experience and improve performance when exposed to data sets;

2. an artificial system developed in computer software, physical hardware, or other context that solves tasks requiring human-like perception, cognition, planning, learning, communication, or physical action;

3. an artificial system designed to think or act like a human, including cognitive architectures and neural networks;

4. a set of techniques, including machine learning, that is designed to approximate a cognitive task; and/or

5. an artificial system designed to act rationally, including an intelligent software agent or embodied robot that achieves goals using perception, planning, reasoning, learning, communicating, decision making, and acting.""

Covered content: ""paper or file served that was drafted with the assistance of generative artificial intelligence""",Specific,Filings in civil actions,Models users must add disclosures,,Underspecified,"""Separate affidavit"" with a disclosure",No requirements,No requirements,Not mentioned,Not mentioned,
S 131 (Utah),Qualified (quantitative) usage of AI,"Artificial intelligence: ""a machine-based system that can, for a given set of human-defined objectives, make predictions, recommendations, or decisions influencing real or virtual environments.""

Generative artificial intelligence: ""artificial intelligence technology that is capable of creating content such as text, audio, image, or video based on patterns learned from large volumes of data rather than being explicitly programmed with rules.""

""Synthetic audio media"":"" audio content that was substantially produced by generative artificial intelligence"".

""Synthetic visual media"": ""an image or video that was substantially produced by generative artificial intelligence.""

Covered content: ""audio or visual communication that [...] contains synthetic media"". Note: ""substantially produced"" not well defined.",Specific,"Political advertising: ""(a) is paid for by a candidate campaign committee, political action committee, political issues committee, political party, or a person using a contribution;

(b) is intended to influence voting for or against a candidate or ballot proposition in an election or primary in the state""",Models users must add disclosures,,Underspecified,"""Disclosures""

""Tamper-evident digital content provenance""","Qualitative requirements, Specific requirements","For disclosures: ""An audio communication [...] that contains synthetic audio media shall include audibly at the beginning and end of the communication the words, ""Contains content generated by AI.""

A visual communication [...] that contains synthetic media shall display throughout the duration of each portion of the communication containing synthetic media, in legible writing, the words:

(a) ""This video content generated by AI,"" if the content is a video that includes synthetic visual media but not synthetic audio media;

(b) ""This image generated by AI,"" if the content is an image that includes synthetic visual media but not synthetic audio media;

(c) ""This audio content generated by AI,"" if the video includes synthetic audio media but not synthetic visual media; or

(d) ""This content generated by AI,"" if the communication includes both synthetic audio media and synthetic visual media.""

For tamper-evident digital content provenance: must include ""(a) the initial author and creator of the content;

(b) any subsequent entities that edited, altered, or otherwise modified the content; and

(c) any use of generative artificial intelligence in generating or modifying the substantive content.""",Monetary penalties,Penalty not exceeding $1000 for each violation.,
H 1734 (Hawaii),Qualified (qualitative) usage of AI,"Generative artificial intelligence: ""the use of computers, machines, or similar technology to create an artificial image, video footage, or audio recording of an actual person, place, or thing that a reasonable third party would likely perceive to be an actual image, video footage, or an audio recording of that person, place, or thing.""

Covered content: content ""that contains an image, video footage, or audio recording that is created in whole or in part with the use of generative artificial intelligence shall """,Specific,Political campaigns,Models users must add disclosures,,Underspecified,"""Clear and conspicuous statement""","Qualitative requirements, Specific requirements","""(1) If the advertisement consists of still images, text, or both, without any video footage or audio recording, the statement shall:

(A) Appear in a font that is not smaller than the majority of the text in the advertisement;

(B) Be contained in a printed box set apart from the other contents of the communication; and

(C) Be printed with a reasonable degree of color contrast between the background and the printed statement;

(2) If the advertisement includes any audio recording, the statement shall be made in a clearly audible and intelligible manner at the beginning or end of the advertisement, for no less than three seconds; or

(3) If the advertisement contains video footage, the statement shall:

(A) Be included at either the beginning or the end of the advertisement;

(B) Appear in a written format that is clearly comprehensible and otherwise meets the requirements of paragraph (1) and appears for at least four seconds; and

(C) Also be made in a audible manner, pursuant to paragraph (2); provided that this subparagraph shall not apply if the advertisement does not contain any other audio recording.""",Violation of established act,"""Fine under section 11-410.""",
A 664 (Wisconsin),Qualified (quantitative) usage of AI,"Artifical intelligence: not defined.
Covered content: ""audio or video content that is substantially produced in whole or in part by means of generative artificial intelligence"". Note: substantially produced is not defined.",Specific,"“Issue advocacy”: a communication that provides information about political or social issues and is made to influence the outcome of an election.

Use case: communications that ""express advocacy or issue advocacy or supporting or opposing a referendum""",Models users must add disclosures,,Specific,Perceivable disclaimers,Specific requirements,"Audio communications must contain ""at the beginning and at the end of the communication the words “Contains content generated by AI.”""

Video communication must contain ""in writing that is readable, legible, and readily accessible, the words “This video content generated by AI” if the video includes video synthetic media only, “This audio content generated by AI” if the video includes audio synthetic media only, or “This content generated by AI” if the video includes both video and audio synthetic media.",Monetary penalties,"$1,000 per violation",
S 88 (North Carolina),Qualified (qualitative) usage of AI,"General artificial intelligence: ""a machine-based system that can, for a given set of human-defined objectives, emulate the structure and characteristics of input data in order to generate derived synthetic content, including audio, images, text, videos, and other digital content.""

Covered content: content ""created in whole or in part with the use of generative artificial intelligence, if the generated content appears to depict an individual performing an action that did not actually occur, was created to injure a candidate or deceive regarding a ballot issue, or provides false or misleading information to a voter"".",Specific,Political advertising,Models users must add disclosures,,Underspecified,"""Disclosure"" or ""statement""",Specific requirements,"Includes ""The content in this advertisement has been edited or created in whole or in part with the use of generative artificial intelligence (AI).""",Not mentioned,Not mentioned,
A 2355 (California),Qualified (qualitative) usage of AI,"Artificial intelligence: ""an engineered or machine-based system that varies in its level of autonomy and that can, for explicit or implicit objectives, infer from the input it receives how to generate outputs that can influence physical or virtual environments.""

""Generated or substantially altered using artificial intelligence"": ""(i) The visual or audio media is entirely created using artificial intelligence and would falsely appear to a reasonable person to be authentic.

(ii) The visual or audio media is materially altered by artificial intelligence such that the alteration would cause a reasonable person to have a fundamentally different understanding of the altered media when comparing it to an unaltered version.""

Covered content: content that ""contains any image, audio, or video that is generated or substantially altered using artificial intelligence.""",Specific,Political advertising,Models users must add disclosures,,Specific,"""Clear and conspicious"" disclosure",Specific requirements,"Disclosure includes ""Ad generated or substantially altered using artificial intelligence.""

Depending on the type of content, the disclosure must satisfy a number of low-level requirements.",Violation of established act,"If there is a lack of compliance ""the Commission may take either of the following actions:

(A) Seek injunctive relief to compel compliance pursuant to Section 90009.

(B) Pursue any administrative or civil remedies available under Chapter 3 (commencing with Section 83100) or Chapter 11 (commencing with Section 91000).""",
S 7847 (New York),Unqualified usage of AI,"Generative artificial intelligence: ""the use of machine learning technology, software, automation, and algorithms to perform tasks or to make rules and/or predictions based on existing data sets and instructions, including, but not limited to:

(a) any artificial system that performs tasks under varying and unpredictable circumstances without significant human oversight, or that can learn from experience and improve performance when exposed to data sets;

(b) an artificial system developed in computer software, physical hardware, or other context that solves tasks requiring human-like perception, cognition, planning, learning, communication, or physical action;

(c) an artificial system designed to think or act like a human, including cognitive architectures and neural networks;

(d) a set of techniques, including machine learning, that is designed to approximate a cognitive task; or

(e) an artificial system designed to act rationally, including an intelligent software agent or embodied robot that achieves goals using perception, planning, reasoning, learning, communicating, decision making, and acting.""

Covered content: content that was ""wholly or partially composed or authored through the use of generative artificial intelligence"".",Specific,"Publications (""newspaper, magazine or other publication printed or electronically published"").",Models users must add disclosures,,Underspecified,"""Conspicuously imprint"".",Specific requirements,"Disclosure should be ""on the top of the page or webpage"" and say that the content ""was composed through the use of artificial intelligence or other information communication technology.""",Not mentioned,Not mentioned.,
S 7922 (New York),Unqualified usage of AI,"Generative artificial intelligence: ""the use of machine learning technology, software, automation, and algorithms to perform tasks, to make rules and/or predictions based on existing data sets and instructions, including, but not limited to:

(a) Any artificial system that performs tasks under varying and unpredictable circumstances without significant human oversight, or that can learn from experience and improve performance when exposed to data sets;

(b) An artificial system developed in computer software, physical hardware, or other context that solves tasks requiring human-like perception, cognition, planning, learning, communication, or physical action;

(c) An artificial system designed to think or act like a human, including cognitive architectures and neural networks;

(d) A set of techniques, including machine learning, that is designed to approximate a cognitive task; and/or

(e) An artificial system designed to act rationally, including an intelligent software agent or embodied robot that achieves goals using perception, planning, reasoning, learning, communicating, decision making, and acting.""",Specific,"Publishining of books (it ""shall include, but not be limited to, all printed and digital books, regardless of such books' target age group or audience, consisting of text, pictures, audio, puzzles, games or any combination thereof."").",Models users must add disclosures,,Underspecified,"""Conspicuously disclose"".",Specific requirements,"On cover, and mentions that ""that such book was created with the use of generative artificial intelligence"".",Not mentioned,Not mentioned.,
H 2707 (Tennessee),Unqualified usage of AI,"Artificial intelligence: ""a machine-based system that:

(i) Can, for a set of human-defined objectives, make predictions, recommendations, or decisions influencing real and virtual environments without significant human oversight, or that can learn from experience in an automated manner and improve the system's performance when exposed to data sets; or

(ii) Is developed in any context, including software or physical hardware, and solves tasks requiring human-like perception, cognition, planning, learning, communication, or physical action; and""

Generative artificial intelligence: ""an artificial intelligence system that is capable of creating new content or data, including text, images, audio, or video, when prompted by an individual""

Covered content: the following content when it is generated using A.I.:

(A) An image, video, or audio recording, including a song, using the likeness of another individual; or

(B) A piece of literature or other written work, including a news story, when the literature or other written work is written by an individual other than the individual listed as the author.""",Specific,Included in the definition of covered content.,Models users must add disclosures,,Underspecified,"""Disclosure"": ""a clear and conspicuous notice, appropriate for the medium of the content, that identifies that content as A.I.-generated"".",Specific requirements,"Disclosure ""must be included regardless of whether the content is distributed:

(1) In the same form as it was generated; or

(2) After modification by a person.""","Monetary penalties, Violation of established act","""If the court finds that a person distributed A.I.-generated content without the disclosure required by § 47-18-5702, then the court must issue an injunction and award to the prevailing party:

(1) Actual damages;

(2) Punitive damages, if any; and

(3) Reasonable attorneys' fees and court costs.""

""A violation of this part constitutes a violation of the Tennessee Consumer Protection Act of 1977, compiled in part 1 of this chapter. A violation of this part constitutes an unfair or deceptive act or practice affecting trade or commerce and is subject to the penalties and remedies as provided in the Tennessee Consumer Protection Act of 1977, in addition to the penalties and remedies in this part.""",
S 1044 (Pennsylvania),Unqualified usage of AI,"Artificial intelligence: ""technology or tools that use predictive algorithms to create new content, including audio, code, images, text, simulations or videos"".

Covered content: ""any content generated by artificial intelligence"".",Specific,Trade or commerce,Models users must add disclosures,,Underspecified,"""Clear and conspicuous disclosure""","Specific requirements, Qualitative requirements","""(i) The statement or disclosure is disclosed in a size, color, contrast, location, duration and audibility that is readily noticeable, readable, understandable and capable of being heard.

(ii) The statement or disclosure does not contradict and is not inconsistent with any other information with which the statement or disclosure is presented.

(iii) If the statement or disclosure modifies, explains or clarifies other information with which the statement or disclosure is presented:

(A) the statement or disclosure is presented in proximity to the information that the statement or disclosure modifies in a manner that is likely to be noticed, readable and understandable; and

(B) the statement or disclosure is not to be obscured in any manner.

(iv) If the statement or disclosure is an audio statement or disclosure, the statement or disclosure is delivered in a volume and cadence sufficient for a consumer to hear and comprehend the statement or disclosure.

(v) If the statement or disclosure is a visual statement or disclosure, the statement or disclosure is of a size and shade and appears on the screen for a duration sufficient for a consumer to read and comprehend the statement or disclosure.

(vi) If the statement or disclosure is a print advertisement or promotional material, including a point-of-sale display or brochure materials directed to a consumer, the statement or disclosure is in a type size and location sufficiently noticeable for a consumer to read and comprehend the statement or disclosure in a print that contrasts with the background against which the statement or disclosure appears.""",Not mentioned,Not mentioned,
A 7106 (New York),Unqualified usage of AI,"Synthetic media: ""any form of media including text, image, video or sound fully or partially created or modified through the use of artificial intelligence algorithms.""

Covered content: content ""which was produced by or includes any synthetic media""",Specific,Use case: political communication,Models users must add disclosures,,Underspecified,Perceivable disclaimers,"Specific requirements, Qualitative requirements","""The disclosure on printed or digital political communications [...] shall be printed or typed in an appropriate legible form to read as follows: ""This political communication was created with the assistance of artificial intelligence"". The disclosure on non-printed or digital political communications shall clearly and prominently display and/or speak the following statement: ""This political communication was created with the assistance of artificial intelligence"". In the case of a political communication that is not visual, such as radio or automated telephone calls, clearly speaking the statement will satisfy the requirements of this subdivision.""",Not mentioned,Not mentioned,
A 7904 (New York),Unqualified usage of AI,"Aritificial intelligence: ""as defined by the state board of elections"".

Covered content: ""uses an image or video footage that was generated in whole or in part with the use of artificial intelligence"".",Specific,Political communication,Models users must add disclosures,,Underspecified,Perceivable disclaimers,"Specific requirements, Qualitative requirements","""(b) For printed or digital political communications, including but not limited to brochures, flyers, posters, mailings, or internet advertising, the disclosure required under paragraph (a) of this subdivision shall be printed or typed in an appropriate legible form to read as follows: ""This communication was generated using artificial intelligence"".

(c) For non-printed and non-digital political communications, the disclosure required under paragraph (a) of this subdivision shall clearly and prominently display and/or verbally communicate the following statement: ""This communication was generated using artificial intelligence"".

(d) For political communications that are not visual, such as radio or automated telephone calls, the disclosure required under paragraph (a) of this subdivision shall clearly verbally communicate the following statement: ""This communication was generated using artificial intelligence"".""",Monetary penalties,"""Fine equal to the amount expended on such communication.""",
A 9028 (New York),Unqualified usage of AI,"Artificial intelligence technology: ""artificial intelligence technology"" means the development and application of a computer system or computer systems that can perform tasks that typically require human intelligence, which may involve the creation of algorithms, models, and/or systems that enable machines to perceive, reason, learn, and make decisions autonomously or with minimal human intervention.""

Artificial media: ""any text, image, audio, video, or recording that was generated or modified using artificial intelligence technology.""

Covered content: content that ""was produced by artificial intelligence technology or that includes any artificial media""",Specific,Political communication,Models users must add disclosures,,Underspecified,"Perceivable ""disclosure statement""","Specific requirements, Qualitative requirements","""Printed or digital political communications [...] must include a disclosure statement that reads as follows: ""This political communication was created by or with the assistance of artificial intelligence"". Such statement is to be printed or typed in an appropriate legible and conspicuous manner. Disclosure on non-printed or digital political communications shall clearly and conspicuously display and/or speak the following statement: ""This political communication was created by or with the assistance of artificial intelligence"". In the case of a political communication that does not use visuals, such as radio or automated telephone calls, clearly speaking the statement will satisfy the requirements of this subdivision.""",,,
S 880 (North Carolina),Qualified (qualitative) usage of AI,"Synthetic media: ""An image, an audio recording, or a video recording of an individual's appearance, speech, or conduct that has been created or intentionally manipulated with the use of generative adversarial network techniques or other digital technology in a manner to create a realistic but false image, audio, or video.""

Deceptive and fradulent deepfake: ""Any synthetic media that depicts a candidate or political party with the intent to injure the reputation of the candidate or party or otherwise deceive a voter that: a. Appears to a reasonable person to depict a real individual saying or doing something that did not actually occur in reality; or

b. Provides a reasonable person a fundamentally different understanding or impression of the appearance, action, or speech than a reasonable person would have from an unaltered, original version of the image, audio recording, or video recording.""

Covered content: synthetic media",Specific,Election communication,Models users must add disclosures,,Underspecified,Perceivable disclaimers,"Specific requirements, Qualitative requirements","Includes ""This _____ has been manipulated or generated by artificial intelligence."" The blank in the disclosure must be filled with whichever of the following terms most accurately describes the media: (i) image, (ii) video, or (iii) audio.""

""(1) For visual media, the text of the disclosure shall appear in a size that is easily readable by the average viewer and no smaller than the largest font size of other text appearing in the visual media. If the visual media does not include any other text, the disclosure shall appear in a size that is easily readable by the average viewer.

(2) For visual media that is video, the disclosure shall appear for the duration of the video.

(3) If the media consists of audio only, the disclosure shall be read in a clearly spoken manner and in a pitch that can be easily heard by the average listener, at the beginning of the audio, at the end of the audio, and, if the audio is greater than two minutes in length, interspersed within the audio at intervals of not greater than two minutes each.""",Monetary penalties,"""(1) If the person commits the violation within five years of one or more prior violations under this section, to payment of a fine of not more than ten thousand dollars ($10,000).

(2) If the person commits the violation with the intent to cause violence or bodily harm, to payment of a fine of not more than five thousand dollars ($5,000).

(3) In other cases, to payment of a fine of not more than one thousand dollars ($1,000).""",
REAL Political Advertisements Act ,Unqualified usage of AI,"Covered content: ""image or video footage that was generated in whole or in part with the use of artificial intelligence (generative AI)"". Note: artificial intelligence not defined; to be determined by later standards.",Specific,Political advertisements.,Models users must add disclosures,"Development of standards: ""Not later than 120 days after the date of enactment of the Require the Exposure of AI–Led Political Advertisements Act, the Commission shall promulgate a regulation to carry out this subsection, including—

“(A) criteria for determining whether an advertisement contains an image or video footage created through generative artificial intelligence;

“(B) requirements for the contents of the statement required under paragraph (1); and

“(C) a definition of content generated by artificial intelligence that considers current and future uses of artificial intelligence and similar technologies that have a high risk for use in creating and spreading misinformation or disinformation about candidates, elections, and issues of national concern.”.",Underspecified,"""Clear and conspicuous"" statement","Specific requirements, Qualitative requirements","“(A) TEXT OR GRAPHIC COMMUNICATIONS.—In the case of a text or graphic communication, the statement—

“(i) appears in letters at least as large as the majority of the text in the communication; and

“(ii) meets the requirements of paragraphs (2) and (3) of subsection (c).

“(B) AUDIO COMMUNICATIONS.—In the case of an audio communication, the statement is spoken in a clearly audible and intelligible manner at the beginning or end of the communication and lasts at least 3 seconds.

“(C) VIDEO COMMUNICATIONS.—In the case of a video communication that also includes audio, the statement—

“(i) is included at either the beginning or the end of the communication; and

“(ii) is made both in—

“(I) a written format that meets the requirements of subparagraph (A) and appears for at least 4 seconds; and

“(II) an audible format that meets the requirements of subparagraph (B).

“(D) OTHER COMMUNICATIONS.—In the case of any other type of communication, the statement is at least as clear and conspicuous as the statement specified in subparagraph (A), (B), or (C).""",Not mentioned,Not mentioned.,
AI Transparency in Elections Act,Qualified (qualitative) usage of AI,"Generative artificial intelligence: ""artificial intelligence technology that uses machine learning (including deep-learning models, natural language processing, or other computational processing techniques of similar or greater complexity) to generate text, images, audio, video, or other media.""

Substantially generated by artificial intelligence: ""an image, audio, or video that was created or materially altered using generative artificial intelligence"". Does not include ""an image, audio, or video that—

“(I) has only minor alterations by generative artificial intelligence (including cosmetic adjustments, color editing, cropping, resizing, and other immaterial uses); and

“(II) does not create a fundamentally different understanding than a reasonable person would have from an unaltered version of the media.""",Specific,Political advertisements,Models users must add disclosures,,,,,,,,
S 2423 (Mississippi),Unqualified usage of AI,"Artificial intelligence: ""any artificial system that performs tasks under varying and unpredictable circumstances, without significant human oversight, can learn from experience and improve performance, or can generate images, audio or videos that mimic the likeness of individuals in a near or totally indistinguishable way""

Covered content: content that ""containts any image, audio or video that is generated in whole or in part with the use of artificial intelligence""","Specific, Exceptions","Political advertising

Exceptions: ""(a) A radio or television broadcasting station, including a cable or satellite television operator, programmer

or producer that broadcasts a qualified political advertisement or communication generated in whole or in part by artificial intelligence as part of a bona fide newscast, news interview, news documentary or on-the-spot coverage of bona fide news events, if the broadcast clearly acknowledges through content or a

disclosure, in a manner that can be easily heard or read by the average and reasonable listener or viewer, that the qualified political advertisement or communication was generated in whole or in part by artificial intelligence and does not accurately represent the speech or conduct of the depicted individual.

(b) A radio or television broadcasting station, including a cable or satellite television operator, programmer

or producer, when the station is paid to broadcast qualified political advertisements.

(c) A distribution platform, including, but not limited to, a website or a regularly published newspaper, magazine or other periodical of general circulation, including an internet or electronic publication, that routinely carries news and commentary of general interest, and that publishes qualified political advertisements prohibited under this section, if the distribution platform has a clearly written and accessible policy that:

(i) Is provided to any person, committee or other entity that creates, seeks to publish or originally distributes a qualified political advertisement;

(ii) States the qualified political advertisement must include a statement consistent with the disclaimers outlined in subsection (5) of this section;

(d) A qualified political advertisement that constitutes satire or parody; or

(e) A distribution platform, if the platform can show that they provided notice of the platform's prohibitions related to a lack of disclosure of content created in whole or in part by artificial intelligence in a qualified political advertisement or prerecorded telephone message, in compliance with subsections (4) and (5) of this section.""",Models users must add disclosures,,Underspecified,"""Clear and conspicuous statement""","Qualitative requirements, Specific requirements","""(b) If the qualified political advertisement is a text or graphic communication that was generated in whole or in part by artificial intelligence, include a disclaimer that:

(i) Indicates what information was produced by artificial intelligence;

(ii) Appears in letters at least as large as the majority of the text in the graphic communication; and

(iii) Is in the same language as the language used in the graphic communication.

(c) If the qualified political advertisement is an audio communication that has been generated in whole or in part by artificial intelligence, include a disclaimer that:

(i) Is spoken in an audible, clear and intelligible manner at the beginning or end of the communication;

(ii) Lasts at least three (3) seconds; and

(iii) Is stated in the same language as the language used in the audio communication.

(d) If the qualified political advertisement is a video communication that also includes audio, the advertisement must include a disclaimer that includes all of the following:

(i) A message that appears for at least four (4) seconds in letters at least as large as the majority of any text communication, or if there is no other text communication, in a size that is easily readable by the average and reasonable viewer;

(ii) A spoken message in an audible, clear and intelligible manner at ,the beginning or end of the communication, that lasts for at least three (3) seconds; and

(iii) The disclaiming message must be in the same language as the language used in the video communication.""",Monetary penalties,"""(a) For a first violation, the person is responsible for a state civil penalty and shall be ordered to pay a civil fine of not more than Two-Hundred and Fifty Dollars ($250.00).

(b) For a second or subsequent violation, the person is responsible for a state civil penalty and shall be ordered to pay a civil fine of not more than One Thousand Dollars ($1,000.00) for each violation.

(8) A committee that violates the provisions of subsections (4) and (5) shall be responsible for a civil penalty and shall be ordered to pay a fine of not more than One Thousand Dollars ($1,000.00) for each violation.

(9) Each qualified political advertisement that is distributed, published, printed or aired to the public that violates any of the provisions of subsections (4) and (5) shall be considered a separate violation each time the advertisement is shown or transmitted, and shall be subject to the penalties as listed in subsections (7) and (8).""",
S 97 (Louisiana),Qualified (qualitative) usage of AI,"Deepfake technology: ""the use of manipulated images or audio or visual depictions that appear to be genuine"".

Covered content: content that uses ""deep fake technology, artificial intelligence, or similar tools to create, alter, or otherwise manipulate media in a manner that would falsely appear to a reasonable observer to be an authentic record of a natural person's speech, conduct, or likeness"". Note: artificial inteligence not defined.","Specific, Exceptions","Election communication.

Exceptions: ""H. This Section shall not restrict the ability of a person to preserve the integrity or security of systems or to detect, prevent, respond to, or protect against security incidents, identity theft, fraud, harassment, malicious or deceptive activities, or any illegal activity, or to investigate, report, or prosecute those responsible for any of these actions.

I. No provider of an interactive computer service, as defined in 47 U.S.C. 230(f), or a provider of a telecommunications or an information service, as defined in 47 U.S.C. 153, or its affiliates or subsidiaries, shall be held to have violated the provisions of this Section, or be subject to any civil action, solely for providing access or connection to or from a website or other information or content on the internet, or a facility, system, or network not under that provider's control, including transmission, downloading, intermediate storage, access software, or other related capabilities that are incidental to providing such access or connection, to the extent it is not responsible for the creation of the material or communication that constitutes a violation under this Section.

J. Nothing in this Section shall be construed to impose liability on a radio broadcast station, television broadcast station, cable or satellite television company, or other video service provider, streaming video provider, newspaper company, periodical company, billboard company, advertisement agency, or media platform responsible for the production or publication of any advertisement, voice, data, or other communications, information services, or internet access provider, or bona fide news or public interest website operator, or any affiliates or subsidiaries thereof, to the extent it is not responsible for the creation of the material or communication that constitutes a violation under this Section.""",Models users must add disclosures,,Underspecified,"Just says model users must ""state""",Specific requirements,"Disclosure should be ""clear and understandable before the audio or visual image is presented.""",,,
H 5450 (Connecticut),Qualified (qualitative) usage of AI,"Artificial intelligence: ""means a machine-based system that (A) can, for a given set of human-defined objectives, make predictions, recommendations or decisions influencing real or virtual environments, and (B) uses machine and human-based inputs to (i) perceive real and virtual environments, (ii) abstract such perceptions into models through analysis in an automated manner, and (iii) formulate options for information or action through model inference;""

Covered content: ""(3) ""Deceptive synthetic media"" means any image, audio or video of an individual, and any representation of such individual's appearance, speech or conduct that is substantially derived from any such image, audio or video, which (A) a reasonable person would believe depicts the appearance, speech or conduct of such individual when such individual did not in fact appear as depicted or engage in such speech or conduct, and (B) was generated, in whole or in part, through the use of artificial intelligence or other means""","Specific, Exceptions","Use case: ""during the ninety-day period preceding any election or primary "", communications ""intended to injure a candidate or influence the result of such election or primary"", distributed without the consent of the individual.

Exception for: ""(A) A radio station or television station, whether broadcast, cable or satellite and including, but not limited to, any producer or programmer or any certified competitive video service provider, community antenna television company, holder of a certificate of cable franchise authority or holder of a certificate of video franchise authority, as those terms are defined in section 16-1 of the general statutes, that (i) broadcasts such communication containing deceptive synthetic media as part of a bona fide newscast, news interview, news documentary or other on-the-spot coverage of bona fide news events, (ii) (I) retains the disclaimer upon such communication required under subdivision (1) of this subsection, or (II) except in the case of any such on-the-spot coverage, adds such a disclaimer at the time of such broadcast if such communication did not previously include such a disclaimer, and (iii) except in the case of any such on-the-spot coverage for which such person does not have reason to believe that such communication contains deceptive synthetic media, clearly states in the content of such broadcast that such communication contains deceptive synthetic media; or

(B) An Internet web site or regularly published newspaper, magazine or other periodical of general circulation, including, but not limited to, any regularly published periodical of general circulation that is published electronically or on the Internet, that (i) publishes such communication containing deceptive synthetic media as part of such person's routine carriage of news and commentary of general interest, (ii) (I) retains the disclaimer upon such communication required under subdivision (1) of this subsection, or (II) adds such a disclaimer at the time of such publication if such communication did not previously include such a disclaimer, and (iii) clearly states in the content of such publication that such communication contains deceptive synthetic media.""",Models users must add disclosures,,Underspecified,Perceivable disclaimers,"Specific requirements, Qualitative requirements","If the communication: ""(A) Is an image or consists only of an image, (i) a disclaimer stating ""This communication contains an image that has been manipulated"" or ""This image has been manipulated"", as applicable, appears in text that is clearly visible to and easily readable by the average viewer and is not smaller than the largest font size of any other text appearing in such communication, and (ii) in the case of any such image that was generated by editing or manipulating an existing image, a citation directing such viewer to the original source from which the unedited or unmanipulated version of such existing image was obtained;

(B) Consists only of audio, (i) a disclaimer stating ""This communication contains audio that has been manipulated"" is read in a clearly spoken manner, in a pitch that can be easily heard by the average listener and in the same language as the deceptive synthetic media and any other language such person should reasonably expect such listener to speak or understand, and which disclaimer shall be so read at the beginning of such communication, at the end of such communication and, if such communication is greater than one minute in length, interspersed within such communication at not less frequently than thirty-second intervals, and (ii) in the case of any such audio that was generated by editing or manipulating existing audio, a citation directing such listener to the original source from which the unedited or unmanipulated version of such existing audio was obtained; or

(C) Is a video, (i) a disclaimer stating ""This communication contains video that has been manipulated"" appears in text that is clearly visible to and easily readable by the average viewer, is not smaller than the largest font size of any other text appearing in such communication and is in the same language as the deceptive synthetic media and any other language such person should reasonably expect such viewer to speak or understand, and which disclaimer shall appear for the duration of such communication, and (ii) in the case of any such video that was generated by editing or manipulating an existing video, a citation directing such viewer to the original source from which the unedited or unmanipulated version of such existing video was obtained""",Other,Defines penalties in terms of misdemeanors for guilty party.,
H 1147 (Colorado),Qualified (qualitative) usage of AI,"Generative artificial intelligence: ""ARTIFICIAL INTELLIGENCE SYSTEM CAPABLE OF GENERATING NOVEL IMAGE, VIDEO, AUDIO, MULTIMEDIA, OR TEXT CONTENT BASED ON PROMPTS OR OTHER FORMS OF DATA PROVIDED BY A PERSON.""

AI-generated content: ""IMAGE, VIDEO, AUDIO, MULTIMEDIA, OR TEXT CONTENT THAT IS SUBSTANTIALLY CREATED OR MODIFIED BY GENERATIVE ARTIFICIAL INTELLIGENCE SUCH THAT THE USE OF GENERATIVE ARTIFICIAL INTELLIGENCE ALTERS THE MEANING OR SIGNIFICANCE THAT A REASONABLE PERSON WOULD TAKE AWAY FROM THE CONTENT. [...] DOES NOT INCLUDE IMAGE, VIDEO, AUDIO, MULTIMEDIA, OR TEXT CONTENT THAT IS MINIMALLY EDITED, ADJUSTED, OR ENHANCED BY GENERATIVE ARTIFICIAL INTELLIGENCE SUCH THAT THE USE OF GENERATIVE ARTIFICIAL INTELLIGENCE DOES NOT MATERIALLY ALTER THE MEANING OR SIGNIFICANCE THAT A REASONABLE PERSON WOULD TAKE AWAY FROM THE CONTENT.""

Deepfake: ""MEANS AN IMAGE, VIDEO, AUDIO, OR MULTIMEDIA AI-GENERATED CONTENT THAT FALSELY APPEARS TO BE AUTHENTIC OR TRUTHFUL AND WHICH FEATURES A DEPICTION OF AN INDIVIDUAL APPEARING TO SAY OR DO SOMETHING THE INDIVIDUAL DID NOT SAY OR DO.""

Covered content: deepfakes.","Specific, Exceptions","Communication about election candidates. Exceptions: ""(b) THIS SECTION DOES NOT APPLY TO A RADIO OR TELEVISION BROADCASTING STATION, INCLUDING A CABLE OR SATELLITE TELEVISION OPERATOR, PROGRAMMER, OR PRODUCER THAT BROADCASTS A COMMUNICATION THAT INCLUDES A DEEPFAKE PROHIBITED BY SUBSECTION (1) OF THIS SECTION AS PART OF A BONA FIDE NEWSCAST, NEWS INTERVIEW, NEWS DOCUMENTARY, OR ON-THE-SPOT COVERAGE OF A BONA FIDE NEWS EVENT, IF THE BROADCAST OR PUBLICATION CLEARLY ACKNOWLEDGES THROUGH CONTENT OR A DISCLOSURE, IN A MANNER THAT CAN BE EASILY HEARD AND UNDERSTOOD OR READ BY THE AVERAGE LISTENER OR VIEWER, THAT THERE ARE QUESTIONS ABOUT THE AUTHENTICITY OF THE DEEPFAKE IN THE COMMUNICATION;

(c) THIS SECTION DOES NOT APPLY TO A RADIO OR TELEVISION BROADCASTING STATION, INCLUDING A CABLE OR SATELLITE TELEVISION OPERATOR, PROGRAMMER, PRODUCER, OR STREAMING SERVICE, WHEN THE STATION IS PAID TO BROADCAST A COMMUNICATION THAT INCLUDES A DEEPFAKE;

(d) THIS SECTION DOES NOT APPLY TO AN INTERNET WEBSITE, OR A REGULARLY PUBLISHED NEWSPAPER, MAGAZINE, OR OTHER PERIODICAL OF GENERAL CIRCULATION, INCLUDING AN INTERNET OR ELECTRONIC PUBLICATION OR STREAMING SERVICE, THAT ROUTINELY CARRIES NEWS AND COMMENTARY OF GENERAL INTEREST AND THAT PUBLISHES A COMMUNICATION THAT INCLUDES A DEEPFAKE PROHIBITED BY SUBSECTION (1) OF THIS SECTION, IF THE PUBLICATION CLEARLY STATES THAT THE COMMUNICATION THAT INCLUDES THE DEEPFAKE DOES NOT ACCURATELY REPRESENT A CANDIDATE FOR ELECTIVE OFFICE;

(e) THIS SECTION DOES NOT APPLY TO MEDIA CONTENT THAT CONSTITUTES SATIRE OR PARODY OR THE PRODUCTION OF WHICH IS SUBSTANTIALLY DEPENDENT ON THE ABILITY OF AN INDIVIDUAL TO PHYSICALLY OR VERBALLY IMPERSONATE THE CANDIDATE AND NOT UPON GENERATIVE AI OR OTHER TECHNICAL MEANS;

(f) THIS SECTION DOES NOT APPLY TO THE PROVIDER OF TECHNOLOGY USED IN THE CREATION OF A DEEPFAKE; AND

(g) THIS SECTION DOES NOT APPLY TO AN INTERACTIVE COMPUTER SERVICE, AS DEFINED IN 47 U.S.C. SEC. 230 (f)(2), FOR ANY CONTENT PROVIDED BY ANOTHER INFORMATION CONTENT PROVIDER AS DEFINED IN 47 U.S.C. SEC. 230 (f)(3).""",Models users must add disclosures,,Underspecified,"""Clear and conspicious"" disclosure which includes both perceivable disclaimers and metadata tagging","Specific requirements, Qualitative requirements","States ""THIS (IMAGE/AUDIO/VIDEO/MULTIMEDIA) HAS BEEN EDITED AND DEPICTS SPEECH OR CONDUCT THAT FALSELY APPEARS TO BE AUTHENTIC OR TRUTHFUL.""

""(I) IN A VISUAL COMMUNICATION, THE TEXT OF THE DISCLOSURE STATEMENT APPEARS IN A FONT SIZE NO SMALLER THAN THE LARGEST FONT SIZE OF OTHER TEXT APPEARING IN THE VISUAL COMMUNICATION. IF THE VISUAL COMMUNICATION DOES NOT INCLUDE ANY OTHER TEXT, THE DISCLOSURE STATEMENT APPEARS IN A FONT SIZE THAT IS EASILY READABLE BY THE AVERAGE VIEWER.

(II) IN AN AUDIO COMMUNICATION, THE DISCLOSURE STATEMENT SHALL BE READ IN A CLEARLY SPOKEN MANNER IN THE SAME PITCH, SPEED, LANGUAGE, AND VOLUME AS THE MAJORITY OF THE AUDIO COMMUNICATION, AT THE BEGINNING OF THE AUDIO COMMUNICATION, AT THE END OF THE AUDIO COMMUNICATION, AND, IF THE AUDIO COMMUNICATION IS GREATER THAN TWO MINUTES IN LENGTH, INTERSPERSED WITHIN THE AUDIO COMMUNICATION AT INTERVALS OF NOT MORE THAN ONE MINUTE EACH;

(III) THE METADATA OF THE COMMUNICATION INCLUDES THE DISCLOSURE STATEMENT, THE IDENTITY OF THE TOOL USED TO CREATE THE DEEPFAKE, AND THE DATE AND TIME THE DEEPFAKE WAS CREATED;

(IV) THE DISCLOSURE STATEMENT IN THE COMMUNICATION, INCLUDING THE DISCLOSURE STATEMENT IN ANY METADATA, IS, TO THE EXTENT TECHNICALLY FEASIBLE, PERMANENT OR UNABLE TO BE EASILY REMOVED BY A SUBSEQUENT USER;

(V) THE COMMUNICATION COMPLIES WITH ANY ADDITIONAL REQUIREMENTS FOR THE DISCLOSURE STATEMENT THAT THE SECRETARY OF STATE MAY ADOPT BY RULE TO ENSURE THAT THE DISCLOSURE STATEMENT IS PRESENTED IN A CLEAR AND CONSPICUOUS AND UNDERSTANDABLE MANNER; AND

(VI) IN A BROADCAST OR ONLINE VISUAL OR AUDIO COMMUNICATION THAT INCLUDES A STATEMENT REQUIRED BY SUBSECTION (2) OF THIS SECTION, THE STATEMENT SATISFIES ALL APPLICABLE REQUIREMENTS, IF ANY, PROMULGATED BY THE FEDERAL COMMUNICATIONS COMMISSION FOR SIZE, DURATION, AND PLACEMENT.""",Violation of established act,"An affected party may: ""(b) BRING AN ACTION FOR COMPENSATORY AND PUNITIVE DAMAGES AGAINST THE PERSON THAT DISTRIBUTED, DISSEMINATED, PUBLISHED, BROADCAST, TRANSMITTED, OR DISPLAYED THE COMMUNICATION;

(c) SEEK REASONABLE ATTORNEY FEES, FILING FEES, AND COSTS OF ACTION; AND

(d) SEEK ANY OTHER JUST AND APPROPRIATE RELIEF NECESSARY TO ENFORCE THIS ARTICLE 46 AND REMEDY THE HARM CAUSED BY THE VIOLATION OF SECTION 1-46-103.""",
L 1203 (Nebraska),Qualified (quantitative) usage of AI,"""Generated in whole or substantially with the use of artificial intelligence.""",Specific,Political advertisement,Models users must add disclosures,,Underspecified,"""Clear and conspicuous"" statement",,"""(a) State that the qualified political advertisement was generated in whole or substantially by artificial intelligence;

(b) If the qualified political advertisement is a graphic communication, appear in letters at least as large as the majority of the text in the graphic communication and be in the same language as the language used in the graphic communication;

(c) If the qualified political advertisement is an audio communication, be spoken in a clearly audible and intelligible manner at the beginning or end of the communication, last at least three seconds, and be in the same language as the language used in the audio communication; and

(d) If the qualified political advertisement is a video communication that also includes audio, do all of the following:

(i) Appear for at least four seconds in letters at least as large as the majority of any text communication or, if there is no other text communication, in a size that is easily readable by the average viewer;

(ii) Be spoken in a clearly audible and intelligible manner at the beginning or end of the communication and last at least three seconds; and

(iii) Be in the same language as the language used in the video communication.""",,,
DEEPFAKES Accountability Act,Qualified (qualitative) usage of AI,"Deepfake: ""any video recording, motion-picture film, sound recording, electronic image, or photograph, or any technological representation of speech or conduct substantially derivative thereof---(A) which appears to authentically depict any speech or conduct of a person who did not in fact engage in such speech or conduct; and (B) the production of which was substantially dependent upon technical means, rather than the ability of another person to physically or verbally impersonate such person.""

Covered content: ""any deepfake, which---(A) a reasonable person, having considered the visual or audio qualities of the record and the nature of the distribution channel in which the record appears, would believe accurately exhibits—(i) any material activity of a living person which such living person did not in fact undertake; or (ii) any material activity of a deceased person which such deceased person did not in fact undertake, and the exhibition of which is substantially likely to either further a criminal act or result in improper interference in an official proceeding, a public policy debate, or an election; and (B) was produced without the consent of such living person, or in the case of a deceased person, such person or the heirs thereof.""

AI not defined",General,General,"Models users must add disclosures, Disclosures must not be removed",,Underspecified,"""Technologies, such as content provenance technologies, that clearly identify [records] as containing altered audio or visual elements, or as having been entirely created through generative artificial intelligence or similar technologies."" 

For audiovisual, audio, and visual content, must include explicit disclaimers",No requirements,No requirements,"Monetary penalties, Imprisonment","Altering disclosures (criminal penalty): fines, imprisonment for 5 years, or both.

Altering disclosures (civil penalty): """"",Civil vs criminal use cases and penalties?
S 1680 (Florida),Unqualified usage of AI,"Content scope: ""images and audio created using generative
artificial intelligence"". Note: terms not defined.",General,General,Standards must be developed,"""Evaluate common standards for artificial intelligence safety and
security measures, including the benefits of requiring disclosure of the
digital provenance for all images and audio created using generative
artificial intelligence as a means of revealing the origin and edit of the
image or audio, as well as the best methods for such disclosure.""",Underspecified,"""Disclosure of digital provenance"".",No requirements,No requirements,N/A,N/A,
Civilian Agency AI Watermark Act,Not defined,Not defined.,General,General.,Standards must be developed,"Development of standards: ""the Secretary of Homeland Security shall seek to consult with the Director of the National Institute of Standards and Technology and the Director of the United States Patent and Trademark Office regarding development of an artificial intelligence watermark and trademark system to identify Federal agency approved artificial intelligence applications for civilian agency use.""",Underspecified,"""Watermark""",No requirements,No requirements,N/A,N/A,
S 1235 (California),Not defined,"Artificial intelligence: ""a machine-based system that can, for a given set of human-defined objectives, make predictions, recommendations, or decisions influencing real or virtual environments. Artificial intelligence systems use machine- and human-based inputs to do all of the following:

(1) Perceive real and virtual environments.

(2) Abstract those perceptions into models through analysis in an automated manner.

(3) Use model inferences to formulate options for information or action.""

Deepfake: ""audio or visual content that has been generated or manipulated by artificial intelligence that would falsely appear to be authentic or truthful and that features depictions of people appearing to say or do things they did not say or do without their consent.""",General,General.,Standards must be developed,"Among other things, standards must investigate ""The legal implications and privacy impacts associated with the use of artificial intelligence, digital content forgery technologies, deepfakes, and technologies allowing public verification of digital content provenance.""",Underspecified,"""Digital content provenance: ""the verifiable chronology of the original piece of digital content, such as an image, video, audio recording, or electronic document.""",No requirements,No requirements,N/A,N/A,
"AI Research, Innovation, and Accountability Act of 2023",Unqualified usage of AI,,General,,Standards must be developed,,,,,,,,